FECHA,HORA,LATITUD,LONGITUD,PROFUNDIDAD (KM),MAGNITUD,DISTANCIA (KM),ZONA,MUNICIPIO,ESTADO
03/04/2023,20:11:59,16.01,-97.06,26,5.5,17,NORTE,PUERTO ESCONDIDO,OAXACA
01/03/2023,22:40:43,16.17,-94.53,98,5.8,47,SUR,UNION HIDALGO,OAXACA
08/02/2023,09:16:25,16.82,-86.56,18,5.5,262,SUR,CHETUMAL,QUINTANA ROO
11/12/2022,08:31:30,17.13,-100.638,14,6,10,SUR,TECPAN,GUERRERO
22/11/2022,10:39:05,30.68,-116.37,10,6.2,37,OESTE,VICENTE GUERRERO,BAJA CALIFORNIA NORTE
04/11/2022,04:02:49,28.17,-112.36,10,6.3,92,NORTE,SANTA ROSALIA,BAJA CALIFORNIA SUR
02/10/2022,14:00:21,23.8,-108.79,21,5.5,125,NORTE,SAN JOSÉ DEL CABO,BAJA CALIFORNIA SUR
01/10/2022,11:36:51,14.89,-94.1,10,5.6,130,SUR,PIJIJIAPAN,CHIAPAS
22/09/2022,01:16:09,18.01,-103.18,12,6.9,84,SUR,COALCOMAN,MICHOACAN
20/09/2022,03:17:13,18.27,-103.74,13,5.8,72,SUR,TECOMAN,COLIMA
19/09/2022,13:05:09,18.22,-103.29,15,7.7,63,SUR,COALCOMAN,MICHOACAN
29/03/2022,11:13:02,15.019,-104.738,10,5.6,421,SUR,LA MIRA,MICHOACAN
05/03/2022,21:29:20,16.7528,-95.2457,98,5.6,25,SUR,MATIAS ROMERO,OAXACA
03/03/2022,08:40:33,18.0908,-95.5727,123,5.7,8,NORTE,LA ISLA,VERACRUZ
16/02/2022,01:12:23,13.837,-91.573,62,6.2,112,SUR,CD HIDALGO,CHIAPAS
22/12/2021,17:22:57,18.7157,-107.161,10,6,279,OESTE,CIHUATLAN,JALISCO
13/12/2021,01:03:07,15.4428,-92.22,178,5.5,9,NORTE,MOTOZINTLA,CHIAPAS
23/09/2021,11:47:53,23.0988,-107.986,10,5.6,144,SUR,LA CRUZ,SINALOA
07/09/2021,20:47:46,16.7553,-99.9533,15,7.1,14,SUR,ACAPULCO,GUERRERO
31/07/2021,10:39:18,27.57,-111.425,10,5.5,65,SUR,HERÓICA GUAYMAS,SONORA
03/07/2021,21:44:57,21.0463,-106.182,13,5.6,108,NORTE,IXTAPA,JALISCO
19/03/2021,21:06:31,16.4755,-98.9322,10,5.7,60,SUR,SAN MARCOS,GUERRERO
15/01/2021,10:10:54,13.94,-92.3257,14,5.8,84,SUR,CD HIDALGO,CHIAPAS
11/10/2020,23:13:50,14.5732,-93.8413,4,5.5,140,SUR,MAPASTEPEC,CHIAPAS
04/08/2020,14:17:54,13.3183,-92.2393,4,5.9,151,SUR,CD HIDALGO,CHIAPAS
23/07/2020,22:19:51,15.3645,-96.0543,15,5.7,46,SUR,CRUCECITA,OAXACA
23/06/2020,21:33:21,15.7488,-96.5613,12,5.5,10,OESTE,S PEDRO POCHUTLA,OAXACA
23/06/2020,10:29:03,15.8033,-96.1337,22,7.4,4,NORTE,CRUCECITA,OAXACA
22/05/2020,03:46:06,22.348,-108.011,5,6.2,191,SUR,MAZATLAN,SINALOA
06/03/2020,21:52:02,31.6292,-114.327,8,5.6,82,NORTE,SAN FELIPE,BAJA CALIFORNIA NORTE
01/02/2020,21:32:44,13.6932,-93.1072,11,5.7,150,SUR,CD HIDALGO,CHIAPAS
10/01/2020,09:21:21,18.3913,-105.428,17,5.5,131,SUR,CIHUATLAN,JALISCO
04/01/2020,22:40:49,16.2527,-94.6173,80,6,33,SUR,UNION HIDALGO,OAXACA
23/12/2019,09:47:55,13.6873,-93.218,1,5.8,159,SUR,CD HIDALGO,CHIAPAS
30/11/2019,01:44:22,13.762,-92.1601,33,5.8,101,SUR,CD HIDALGO,CHIAPAS
19/11/2019,22:27:06,13.7792,-93.3382,9,6.4,162,SUR,CD HIDALGO,CHIAPAS
14/08/2019,16:35:18,20.4463,-109.265,15,5.8,279,SUR,CABO SAN LUCAS,BAJA CALIFORNIA NORTE
12/08/2019,15:39:35,15.9068,-93.8033,99,5.5,21,SUR,TONALA,CHIAPAS
22/06/2019,17:31:38,14.3878,-93.0508,11,5.6,102,SUR,CD HIDALGO,CHIAPAS
31/05/2019,06:57:26,18.6877,-106.975,10,5.8,261,OESTE,CIHUATLAN,JALISCO
22/04/2019,15:15:23,15.958,-98.6733,15,5.5,79,SUR,PINOTEPA NACIONAL,OAXACA
01/02/2019,10:14:12,14.5818,-92.4807,76,6.5,37,SUR,CD HIDALGO,CHIAPAS
21/01/2019,05:57:19,15.4165,-94.9038,18,5.8,90,SUR,SALINA CRUZ,OAXACA
19/07/2018,08:31:55,17.7213,-97.8123,55,5.9,10,SUR,H HUAJUAPAN DE LEON,OAXACA
29/06/2018,22:56:49,18.879,-105.271,15,5.9,84,SUR,CIHUATLAN,JALISCO
11/04/2018,02:30:38,15.5382,-95.0407,14,5.5,73,SUR,SALINA CRUZ,OAXACA
19/02/2018,00:56:58,16.2477,-97.775,10,6,31,SUR,PINOTEPA NACIONAL,OAXACA
16/02/2018,18:36:51,15.8438,-97.9887,24,5.9,55,SUR,PINOTEPA NACIONAL,OAXACA
16/02/2018,17:39:39,16.218,-98.0135,16,7.2,14,SUR,PINOTEPA NACIONAL,OAXACA
09/02/2018,08:05:48,18.9507,-104.809,3,5.9,41,SUR,CIHUATLAN,JALISCO
19/01/2018,10:17:45,26.6672,-111.079,16,6.3,77,NORTE,LORETO,BAJA CALIFORNIA SUR
03/11/2017,05:52:06,18.7108,-106.519,16,5.6,214,SUR,CIHUATLAN,JALISCO
13/10/2017,19:20:57,15.9478,-95.0472,57,5.5,30,SUR,SALINA CRUZ,OAXACA
28/09/2017,23:00:20,14.6185,-94.3575,16,5.5,171,SUR,PIJIJIAPAN,CHIAPAS
24/09/2017,05:06:08,15.0823,-94.3375,15,5.8,127,SUR,TONALA,CHIAPAS
23/09/2017,07:53:01,16.496,-95.146,10,6.1,9,SUR,CD IXTEPEC,OAXACA
23/09/2017,05:38:05,15.2525,-94.586,35,5.8,122,SUR,SALINA CRUZ,OAXACA
19/09/2017,13:14:39,18.3297,-98.6712,51,7.1,8,NORTE,CHIAUTLA DE TAPIA,PUEBLA
19/09/2017,02:53:10,14.7945,-94.4245,11,5.6,160,SUR,TONALA,CHIAPAS
18/09/2017,09:19:14,15.2562,-94.7672,15,5.8,112,SUR,SALINA CRUZ,OAXACA
12/09/2017,00:08:44,14.9748,-94.0125,24,5.5,117,SUR,PIJIJIAPAN,CHIAPAS
11/09/2017,16:09:13,15.002,-94.058,16,5.6,118,SUR,PIJIJIAPAN,CHIAPAS
09/09/2017,22:07:21,15.2322,-94.664,19,5.8,120,SUR,SALINA CRUZ,OAXACA
08/09/2017,23:54:49,14.7448,-94.0787,23,5.6,140,SUR,PIJIJIAPAN,CHIAPAS
07/09/2017,23:49:17,14.761,-94.103,45,8.2,140,SUR,PIJIJIAPAN,CHIAPAS
14/06/2017,02:29:04,14.7282,-92.3167,107,6.9,19,NORTE,CD HIDALGO,CHIAPAS
14/06/2017,01:38:47,13.9842,-93.3278,10,5.6,148,SUR,CD HIDALGO,CHIAPAS
10/06/2017,13:47:31,14.024,-93.2508,10,5.5,139,SUR,CD HIDALGO,CHIAPAS
20/05/2017,12:58:47,17.0312,-94.2065,148,5.7,64,NORTE,CINTALAPA,CHIAPAS
20/05/2017,01:02:12,17.4888,-105.463,10,5.6,211,SUR,MANZANILLO,COLIMA
29/03/2017,09:15:24,25.7805,-110.102,13,5.5,94,OESTE,AHOME,SINALOA
23/10/2016,17:59:29,18.821,-104.742,13,5.6,50,SUR,CIHUATLAN,JALISCO
27/06/2016,15:50:31,16.208,-98.003,4,5.7,16,SUR,PINOTEPA NACIONAL,OAXACA
07/06/2016,05:57:59,18.4083,-105.349,11,5.5,124,SUR,CIHUATLAN,JALISCO
07/06/2016,05:51:36,18.2838,-105.306,8,6.1,131,SUR,CIHUATLAN,JALISCO
01/06/2016,21:23:07,18.1385,-105.698,6,5.6,171,SUR,CIHUATLAN,JALISCO
08/05/2016,02:33:59,16.323,-97.8773,7,6,19,ESTE,PINOTEPA NACIONAL,OAXACA
06/05/2016,19:18:35,18.3317,-105.4,5,5.6,134,SUR,CIHUATLAN,JALISCO
05/05/2016,17:27:07,18.7077,-106.873,5,5.5,250,OESTE,CIHUATLAN,JALISCO
28/04/2016,20:33:39,10.271,-103.715,10,6.6,837,SUR,TECPAN,GUERRERO
27/04/2016,07:51:18,14.2902,-93.3883,20,6,137,SUR,HUIXTLA,CHIAPAS
25/04/2016,02:07:12,14.535,-93.2128,10,6,104,SUR,HUIXTLA,CHIAPAS
15/04/2016,09:11:24,13.2542,-92.458,12,6.1,161,SUR,CD HIDALGO,CHIAPAS
10/04/2016,02:11:20,15.7297,-96.347,37,5.5,13,ESTE,S PEDRO POCHUTLA,OAXACA
21/01/2016,12:06:58,18.8158,-106.977,10,6.5,258,OESTE,CIHUATLAN,JALISCO
17/12/2015,13:49:54,15.7558,-93.7005,91,6.6,37,SUR,TONALA,CHIAPAS
23/11/2015,14:41:22,16.8895,-98.8985,25,5.6,53,ESTE,SAN MARCOS,GUERRERO
30/09/2015,12:25:54,17.8388,-101.523,49,5.5,22,NORTE,ZIHUATANEJO,GUERRERO
13/09/2015,03:14:09,25.0352,-109.533,8,6.6,100,SUR,LOS MOCHIS,SINALOA
13/09/2015,02:57:35,24.972,-109.429,10,5.6,101,SUR,LOS MOCHIS,SINALOA
08/09/2015,03:03:53,14.337,-94.1372,5,5.6,179,SUR,PIJIJIAPAN,CHIAPAS
05/08/2015,04:13:24,16.0297,-93.9455,89,5.8,21,SUR,TONALA,CHIAPAS
28/06/2015,10:54:41,16.5138,-94.896,88,5.6,8,NORTE,UNION HIDALGO,OAXACA
09/05/2015,19:50:18,14.5853,-94.2418,10,5.5,165,SUR,PIJIJIAPAN,CHIAPAS
28/04/2015,13:56:54,17.0213,-95.1868,112,5.6,23,NORTE,MATIAS ROMERO,OAXACA
22/02/2015,08:23:13,18.643,-106.955,16,6.2,260,SUR,CIHUATLAN,JALISCO
12/02/2015,09:50:56,19.1608,-105.91,15,5.5,142,OESTE,CIHUATLAN,JALISCO
20/01/2015,00:59:53,14.8515,-91.7653,161,5.5,46,SUR,CACAHOATAN,CHIAPAS
12/01/2015,01:57:27,15.3885,-93.4002,86,5.5,39,SUR,PIJIJIAPAN,CHIAPAS
07/12/2014,15:16:35,13.6777,-91.4385,32,6.1,135,SUR,CD HIDALGO,CHIAPAS
11/10/2014,11:46:02,16.027,-95.6517,10,5.6,52,SUR,SALINA CRUZ,OAXACA
07/10/2014,21:40:49,23.6963,-108.755,10,6.1,120,NORTE,SAN JOSÉ DEL CABO,BAJA CALIFORNIA SUR
04/10/2014,14:16:36,17.4185,-94.822,145,5.6,53,SUR,SAYULA DE ALEMAN,VERACRUZ
08/09/2014,15:30:38,16.1178,-98.3397,8,5.5,39,SUR,PINOTEPA NACIONAL,OAXACA
06/09/2014,14:22:58,18.687,-106.952,10,5.9,259,OESTE,CIHUATLAN,JALISCO
29/07/2014,05:46:15,17.6988,-95.6373,117,6.4,38,SUR,LA ISLA,VERACRUZ
07/07/2014,06:23:59,14.6502,-92.5572,56,6.9,43,SUR,TAPACHULA,CHIAPAS
31/05/2014,06:53:49,18.9967,-107.33,10,6.2,283,SUR,PUERTO VALLARTA,JALISCO
24/05/2014,03:24:46,16.2002,-98.4073,4,5.7,41,SUR,PINOTEPA NACIONAL,OAXACA
21/05/2014,05:06:15,17.1215,-95.0733,120,5.8,28,NORTE,MATIAS ROMERO,OAXACA
10/05/2014,02:36:00,17.036,-100.893,10,6.1,35,SUR,TECPAN,GUERRERO
08/05/2014,12:00:14,16.986,-100.916,10,6.5,40,SUR,TECPAN,GUERRERO
18/04/2014,09:27:21,17.011,-101.46,18,7.2,61,SUR,PETATLAN,GUERRERO
21/03/2014,18:58:12,30.3902,-114.084,17,5.6,101,SUR,SAN FELIPE,BAJA CALIFORNIA NORTE
09/03/2014,18:37:57,15.8347,-98.477,4,5.8,72,SUR,PINOTEPA NACIONAL,OAXACA
02/03/2014,16:17:15,14.0745,-93.238,11,5.7,135,SUR,CD HIDALGO,CHIAPAS
11/01/2014,07:10:50,14.4485,-92.2465,78,5.5,27,SUR,CD HIDALGO,CHIAPAS
19/10/2013,12:54:55,26.0867,-110.461,14,6.3,89,ESTE,LORETO,BAJA CALIFORNIA SUR
26/09/2013,01:46:01,13.9342,-93.6337,7,5.6,180,SUR,CD CHIAPAS,CHIAPAS
06/09/2013,19:13:28,14.3368,-92.2562,69,6,39,SUR,CD CHIAPAS,CHIAPAS
21/08/2013,07:38:29,16.7527,-99.5812,5,6,21,OESTE,SAN MARCOS,GUERRERO
06/08/2013,00:57:43,14.1845,-91.5988,61,5.7,81,SUR,CD CHIAPAS,CHIAPAS
16/06/2013,00:19:02,18.113,-99.2283,55,5.8,24,SUR,CD DE HUITZUCO,GUERRERO
21/04/2013,20:16:34,17.8568,-102.28,40,5.9,13,SUR,CD LAZARO CARDENAS,MICHOACAN
26/03/2013,07:04:47,15.8608,-98.433,5,5.5,67,SUR,PINOTEPA NACIONAL,OAXACA
25/03/2013,17:02:13,14.383,-90.788,197,6.1,150,ESTE,CD CHIAPAS,CHIAPAS
20/02/2013,15:23:09,18.5043,-103.989,3,5.6,46,SUR,TECOMAN,COLIMA
13/01/2013,10:28:25,25.913,-110.32,15,5.5,103,ESTE,LORETO,BAJA CALIFORNIA SUR
14/12/2012,04:36:04,31.1935,-119.415,15,6.4,257,SUR,PLAYAS DE ROSADITO,BAJA CALIFORNIA NORTE
15/11/2012,03:20:22,18.1832,-100.529,45,6.1,24,SUR,CD ALTAMIRANO,GUERRERO
11/11/2012,16:14:57,13.8108,-92.5032,6,6.2,103,SUR,CD CHIAPAS,CHIAPAS
07/11/2012,16:42:45,13.7858,-92.5287,5,5.5,107,SUR,CD CHIAPAS,CHIAPAS
07/11/2012,10:35:50,14.0272,-92.3155,17,7.3,74,SUR,CD CHIAPAS,CHIAPAS
08/10/2012,01:26:21,25.155,-109.689,10,5.7,99,SUR,AHOME,SINALOA
29/09/2012,02:11:10,15.8823,-98.6685,16,5.5,83,SUR,PINOTEPA NACIONAL,OAXACA
25/09/2012,18:45:25,24.777,-110.234,11,6,71,NORTE,LA PAZ,BAJA CALIFORNIA SUR
26/08/2012,15:57:59,33.087,-115.474,17,5.6,47,NORTE,MEXICALI,BAJA CALIFORNIA NORTE
26/08/2012,14:31:22,33.2658,-115.495,16,5.5,67,NORTE,MEXICALI,BAJA CALIFORNIA NORTE
08/08/2012,21:34:33,19.5848,-109.165,10,5.5,374,SUR,CABO SAN LUCAS,BAJA CALIFORNIA SUR
29/07/2012,07:22:13,14.0647,-92.7543,16,5.7,94,SUR,CD CHIAPAS,CHIAPAS
01/05/2012,17:43:36,14.4265,-93.2253,12,6.1,113,SUR,HUIXTLA,CHIAPAS
01/05/2012,11:37:58,18.2507,-101.085,51,5.6,46,SUR,CD GUERRERO,GUERRERO
12/04/2012,02:15:46,28.8278,-113.164,5,6.8,130,NORTE,GUERRERO NEGRO,BAJA CALIFORNIA SUR
12/04/2012,02:05:59,28.7955,-113.414,15,6,112,NORTE,GUERRERO NEGRO ,BAJA CALIFORNIA SUR
11/04/2012,17:55:10,17.9217,-103.068,20,6.4,79,OESTE,LA MIRA,MICHOACAN
02/04/2012,12:36:43,16.2948,-98.544,12,6,45,SUR,OMETEPEC,GUERRERO
20/03/2012,12:02:48,16.264,-98.457,18,7.5,46,SUR,OMETEPEC,GUERRERO
21/01/2012,12:47:13,14.7043,-93.2882,16,6,92,SUR,MAPASTEPEC,CHIAPAS
10/12/2011,19:47:25,17.84,-99.96,54,6.5,50,NORTE,ZUMPANGO DEL RIO,GUERRERO
01/11/2011,06:31:58,19.73,-109.3,16,6,355,SUR,CABO SAN LUCAS,BAJA CALIFORNIA SUR
01/11/2011,06:31:58,19.74,-109.31,15,6,354,SUR,CABO SAN LUCAS,BAJA CALIFORNIA SUR
13/08/2011,02:33:07,14.42,-94.9,18,5.6,197,SUR,SALINA CRUZ,OAXACA
26/07/2011,12:44:18,25.11,-109.64,13,5.9,100,SUR,LOS MOCHIS,SINALOA
05/05/2011,08:24:07,16.61,-98.91,12,5.5,54,OESTE,OMETEPEC,GUERRERO
26/04/2011,06:07:28,16.71,-99.68,8,5.5,29,SUR,ACAPULCO,GUERRERO
07/04/2011,08:11:22,17.22,-94.32,171,6.7,80,SUR,LAS CHOAPAS,VERACRUZ
25/02/2011,07:07:28,17.69,-95.21,135,6,34,SUR,SAYULA DE ALEMAN,VERACRUZ
21/01/2011,19:27:35,15.72,-104.15,10,5.5,321,SUR,LA MIRA,MICHOACAN
20/12/2010,11:21:42,13.36,-89.8,20,5.5,293,SUR,CD CHIAPAS,CHIAPAS
21/10/2010,12:53:11,24.65,-109.41,8,6.5,107,NORTE,LA PAZ,BAJA CALIFORNIA SUR
20/10/2010,01:58:12,24.67,-109.13,6,5.8,120,SUR,GUASAVE,SINALOA
19/10/2010,23:15:31,25.09,-109.23,10,5.6,81,SUR,LOS MOCHIS,SINALOA
19/10/2010,23:09:42,24.73,-109.23,10,5.9,120,SUR,G LEYVA SOLANO(BENITO J),SINALOA
14/09/2010,18:32:01,21.49,-105.93,16,5.5,78,SUR,VILLA HIDALGO (EL NUEVO),NAYARIT
23/08/2010,21:11:55,18.44,-107.27,14,6.1,299,SUR,CIHUATLAN,JALISCO
30/06/2010,02:22:27,16.24,-97.99,4,6,13,SUR,PINOTEPA NACIONAL,OAXACA
14/06/2010,23:26:58,32.89,-115.92,19,5.7,43,NORTE,SANTA ISABEL,BAJA CALIFORNIA NORTE
18/04/2010,08:30:58,14.21,-92.47,21,5.6,62,SUR,CD CHIAPAS,CHIAPAS
04/04/2010,17:40:42,32.47,-115.37,10,7.2,23,SUR,MEXICALI,BAJA CALIFORNIA NORTE
23/02/2010,04:52:15,15.93,-91.11,25,5.5,102,SUR,LAS MARGARITAS,CHIAPAS
08/02/2010,18:47:40,15.89,-96.86,40,5.8,22,ESTE,PUERTO ESCONDIDO,OAXACA
18/01/2010,09:40:32,13.85,-90.66,118,5.6,185,SUR,CD CHIAPAS,CHIAPAS
30/12/2009,12:48:58,32.48,-115.24,8,5.7,25,NORTE,GPE VICTORIA,BAJA CALIFORNIA NORTE
29/10/2009,04:52:58,18.95,-95.69,20,5.5,21,NORTE,ALVARADO,VERACRUZ
24/09/2009,02:16:24,18.77,-107.01,20,5.5,263,OESTE,CIHUATLAN,JALISCO
18/09/2009,13:46:07,19.2,-108.53,10,5.6,379,SUR,PUERTO VALLARTA,JALISCO
05/08/2009,04:13:32,29.16,-112.17,23,5.5,76,NORTE,MIGUEL ALEMAN (LA DOCE),SONORA
03/08/2009,13:40:54,29.42,-113.5,10,5.8,171,NORTE,GUERRERO NEGRO,BAJA CALIFORNIA SUR
03/08/2009,12:59:56,28.85,-112.74,10,6.5,123,OESTE,MIGUEL ALEMAN (LA DOCE),SONORA
03/06/2009,16:37:37,19.72,-109.21,8,5.6,358,SUR,CABO SAN LUCAS,BAJA CALIFORNIA SUR
22/05/2009,14:24:18,18.11,-98.46,62,5.7,26,SUR,CHIAUTLA DE TAPIA,PUEBLA
27/04/2009,11:46:27,16.88,-99.62,6,5.7,26,NORTE,SAN GUERRERO,GUERRERO
05/01/2009,04:59:30,23.82,-108.94,19,5.5,115,NORTE,SAN JOSÉ DEL CABO,BAJA CALIFORNIA SUR
16/10/2008,14:41:25,14.05,-92.86,23,6.6,103,SUR,CD CHIAPAS,CHIAPAS
23/09/2008,21:33:04,17.64,-105.61,16,6.4,208,SUR,MANZANILLO,COLIMA
14/04/2008,22:03:06,13.28,-91,20,5.7,198,SUR,CD CHIAPAS,CHIAPAS
13/03/2008,17:01:17,14.16,-93.89,16,5.5,178,SUR,MAPASTEPEC,CHIAPAS
26/11/2007,15:56:12,18.65,-101.7,54,5.6,59,SUR,NUEVA ITALIA,MICHOACAN
26/11/2007,11:41:40,15.28,-93.36,87,5.6,48,SUR,PIJIJIAPAN,CHIAPAS
06/11/2007,00:35:40,16.93,-100.11,3,5.6,9,SUR,COYUCA DE BENITEZ,GUERRERO
01/09/2007,14:14:20,24.91,-109.97,2,6.3,92,NORTE,LA PAZ,BAJA CALIFORNIA SUR
05/07/2007,20:09:21,16.32,-94.02,94,6.2,16,NORTE,ARRIAGA,CHIAPAS
13/04/2007,00:42:23,17.13,-100.38,34,5.6,10,SUR,ATOYAC DE ALVAREZ,GUERRERO
12/03/2007,20:58:58,26.45,-110.94,19,5.8,63,NORTE,LORETO,BAJA CALIFORNIA SUR
19/11/2006,00:59:03,18.33,-104.36,13,5.6,79,SUR,CD DE ARMERIA,COLIMA
10/09/2006,09:56:09,26.25,-87.26,10,5.7,555,NORTE,ISLA MUJERES,QUINTANA ROO
27/06/2006,08:03:12,14.94,-94.57,32,5.6,153,SUR,SALINA CRUZ,OAXACA
03/04/2006,21:30:27,18.88,-106.86,13,5.6,245,OESTE,CIHUATLAN,JALISCO
04/01/2006,02:32:37,28.38,-112.51,15,6.6,113,SUR,MIGUEL ALEMAN (LA DOCE),SONORA
13/08/2005,21:51:58,15.99,-98.4,15,5.8,54,SUR,PINOTEPA NACIONAL,OAXACA
27/06/2005,06:35:46,18.86,-107.26,20,5.9,287,OESTE,CIHUATLAN,JALISCO
05/06/2005,03:28:50,23.67,-108.66,7,5.5,127,NORTE,SAN JOSÉ DEL CABO,BAJA CALIFORNIA SUR
08/05/2005,12:07:35,20.71,-109.36,20,5.9,248,SUR,CABO SAN LUCAS,BAJA CALIFORNIA SUR
27/02/2005,19:05:59,18.76,-104.6,7,5.6,44,SUR,MANZANILLO,COLIMA
20/11/2004,16:01:46,13.29,-90.24,58,6,257,SUR,CD HIDALGO,CHIAPAS
24/09/2004,09:43:18,28.44,-112.81,35,5.6,133,NORTE,SANTA ROSALIA,BAJA CALIFORNIA SUR
18/08/2004,04:03:10,16.24,-95.15,51,5.7,8,NORTE,SALINA CRUZ,OAXACA
07/08/2004,06:49:12,17.05,-95.43,110,5.9,46,NORTE,MATIAS ROMERO,OAXACA
14/06/2004,17:54:21,16.22,-98.16,10,6.4,18,SUR,PINOTEPA NACIONAL,OAXACA
25/02/2004,12:22:19,13.47,-92.66,10,5.6,144,SUR,CD HIDALGO,CHIAPAS
18/02/2004,04:59:20,24.02,-108.83,16,5.7,139,NORTE,SAN JOSÉ DEL CABO,BAJA CALIFORNIA SUR
13/01/2004,15:28:58,15.99,-97.15,16,5.7,17,NORTE,PUERTO ESCONDIDO,OAXACA
01/01/2004,17:58:02,17.3,-101.36,14,5.8,28,SUR,PETATLAN,GUERRERO
01/01/2004,17:31:49,17.34,-101.42,6,6.3,27,SUR,PETATLAN,GUERRERO
11/11/2003,22:54:59,29.41,-113.61,16,5.9,167,NORTE,GUERRERO NEGRO,BAJA CALIFORNIA SUR
25/08/2003,18:25:03,18.73,-106.69,16,5.5,231,OESTE,CIHUATLAN,JALISCO
25/08/2003,01:28:32,14.08,-91.3,193,5.5,113,SUR,CD HIDALGO,CHIAPAS
19/05/2003,11:27:11,17.72,-105.7,10,6.2,206,SUR,CIHUATLAN,JALISCO
12/03/2003,17:41:42,26.51,-110.04,12,6.5,53,SUR,HUATABAMPO,SONORA
16/02/2003,22:41:57,18.81,-105.14,16,5.5,77,SUR,CIHUATLAN,JALISCO
05/02/2003,13:01:11,13.42,-91.27,39,5.5,169,SUR,CD HIDALGO,CHIAPAS
01/02/2003,10:30:59,16.51,-93.23,216,5.8,20,SUR,SUCHIAPA,CHIAPAS
22/01/2003,13:41:42,18.74,-104.55,16,5.8,42,SUR,MANZANILLO,COLIMA
21/01/2003,20:06:34,18.6,-104.22,9,7.6,46,SUR,CD DE ARMERIA,COLIMA
20/01/2003,20:46:54,13.36,-91.64,17,6.8,156,SUR,CD HIDALGO,CHIAPAS
09/12/2002,21:09:35,17.41,-101.26,29,5.5,14,SUR,PETATLAN,GUERRERO
08/11/2002,18:14:27,13.88,-91.89,30,5.8,93,SUR,CD HIDALGO,CHIAPAS
11/10/2002,09:41:23,15.37,-96.04,8,5.8,45,SUR,CRUCECITA,OAXACA
03/10/2002,11:08:28,23.22,-108.73,35,6.2,102,ESTE,SAN JOSÉ DEL CABO,BAJA CALIFORNIA SUR
19/06/2002,16:50:08,16.24,-98.09,8,5.5,12,SUR,PINOTEPA NACIONAL,OAXACA
07/06/2002,12:00:52,15.91,-96.97,23,5.6,12,NORTE,PUERTO ESCONDIDO,OAXACA
18/04/2002,13:00:38,16.84,-101.62,16,5.5,85,SUR,PETATLAN,GUERRERO
18/04/2002,12:57:19,16.66,-101.89,12,6,115,SUR,ZIHUATANEJO,GUERRERO
18/04/2002,00:02:45,16.77,-101.12,22,6.5,72,SUR,TECPAN,GUERRERO
22/02/2002,13:32:44,32.2,-115.14,5,5.5,10,SUR,GPE VICTORIA,BAJA CALIFORNIA NORTE
14/02/2002,17:23:14,14.78,-92.8,74,5.8,54,SUR,HUIXTLA,CHIAPAS
30/01/2002,02:42:04,18.1,-95.97,109,5.6,9,OESTE,LOMA BONITA,OAXACA
16/01/2002,17:09:55,15.43,-93.55,76,6.7,46,SUR,PIJIJIAPAN,CHIAPAS
08/12/2001,17:36:10,32.04,-114.91,10,5.7,33,SUR,GPE VICTORIA,BAJA CALIFORNIA NORTE
28/11/2001,08:32:36,15.41,-93.64,36,6.4,55,SUR,PIJIJIAPAN,CHIAPAS
13/11/2001,03:47:34,22.31,-107.12,16,5.8,125,SUR,MAZATLAN,SINALOA
10/11/2001,11:09:13,15.96,-98.17,9,5.9,44,SUR,PINOTEPA NACIONAL,OAXACA
07/10/2001,21:39:19,16.94,-100.14,4,6.1,9,SUR,COYUCA DE BENITEZ,GUERRERO
28/08/2001,13:17:37,15.96,-94.14,43,5.5,40,SUR,ARRIAGA,CHIAPAS
29/05/2001,13:47:56,19.34,-108.96,38,5.5,405,SUR,CABO SAN LUCAS,BAJA CALIFORNIA SUR
19/05/2001,23:21:37,18.64,-105.12,12,6.5,88,SUR,CIHUATLAN,JALISCO
29/04/2001,15:26:56,18.51,-104.71,10,6.2,73,SUR,MANZANILLO,COLIMA
18/01/2001,19:12:53,15.1,-93.03,108,6.3,41,SUR,MAPASTEPEC,CHIAPAS
08/01/2001,19:46:14,15.34,-93.24,66,6.1,38,SUR,PIJIJIAPAN,CHIAPAS
08/12/2000,10:56:13,22.83,-108.35,15,5.5,142,ESTE,SAN JOSÉ DEL CABO,BAJA CALIFORNIA SUR
03/12/2000,22:42:11,14.27,-94.09,7,6,183,SUR,MAPASTEPEC,CHIAPAS
17/10/2000,15:00:41,15.38,-92.51,168,5.8,27,NORTE,HUIXTLA,CHIAPAS
09/08/2000,06:41:47,17.99,-102.66,16,7,35,OESTE,LA MIRA,MICHOACAN
21/07/2000,01:13:39,18.09,-98.97,48,6,45,SUR,CHIAUTLA DE TAPIA,PUEBLA
12/03/2000,16:21:32,14.59,-92.97,35,5.9,81,SUR,HUIXTLA,CHIAPAS
21/02/2000,10:29:40,18.76,-107.05,13,5.6,267,OESTE,CIHUATLAN,JALISCO
28/12/1999,23:19:46,18.02,-101.68,82,6.1,44,NORTE,ZIHUATANEJO,GUERRERO
12/12/1999,11:57:31,14.54,-91.61,136,6,60,ESTE,CD HIDALGO,CHIAPAS
21/11/1999,00:45:45,20.36,-109.71,10,5.6,281,SUR,CABO SAN LUCAS,BAJA CALIFORNIA SUR
30/09/1999,11:31:13,16.056,-97.004,39,7.4,22,NORTE,PUERTO ESCONDIDO,OAXACA
21/06/1999,12:43:05,17.99,-101.72,54,6.2,42,NORTE,ZIHUATANEJO,GUERRERO
15/06/1999,15:42:04,18.133,-97.539,63,7,29,SUR,S GABRIEL CHILAC,PUEBLA
08/05/1999,17:12:41,13.59,-92.14,50,6.4,120,SUR,CD HIDALGO,CHIAPAS
05/05/1999,17:41:31,14.56,-94.78,16,5.8,185,SUR,SALINA CRUZ,OAXACA
05/11/1998,08:47:04,23.36,-109,36,5.5,80,NORTE,SAN JOSÉ DEL CABO,BAJA CALIFORNIA SUR
07/07/1998,15:01:35,23.9,-108.47,16,5.6,121,SUR,ELDORADO,SINALOA
07/06/1998,18:20:16,15.82,-94.07,16,6.2,45,SUR,TONALA,CHIAPAS
10/05/1998,01:06:00,13.78,-90.83,15,6.4,174,SUR,CD HIDALGO,CHIAPAS
09/05/1998,06:42:25,14.35,-91.38,40,5.5,91,SUR,CD HIDALGO,CHIAPAS
20/04/1998,17:59:17,18.37,-101.21,66,5.9,44,SUR,HUETAMO,MICHOACAN
12/03/1998,23:24:35,13.55,-93.37,36,5.5,181,SUR,CD HIDALGO,CHIAPAS
02/03/1998,20:24:42,13.73,-91.93,16,6.7,108,SUR,CD HIDALGO,CHIAPAS
02/02/1998,21:02:01,15.69,-96.37,33,6.4,12,SUR,S PEDRO POCHUTLA,OAXACA
10/01/1998,02:20:06,14.37,-91.93,55,6.6,42,SUR,CD HIDALGO,CHIAPAS
25/12/1997,16:16:15,13.32,-92.37,70,5.8,152,SUR,CD HIDALGO,CHIAPAS
22/12/1997,04:03:53,13.99,-90.85,81,6.1,160,SUR,CD HIDALGO,CHIAPAS
21/12/1997,23:22:07,17.14,-101.24,5,5.5,44,SUR,PETATLAN,GUERRERO
18/12/1997,09:02:13,14.67,-89.74,152,6.1,260,ESTE,CD HIDALGO,CHIAPAS
16/12/1997,05:48:29,15.7,-99.04,16,6,127,SUR,SAN MARCOS,GUERRERO
04/12/1997,08:56:49,13.88,-91.54,12,5.6,110,SUR,CD HIDALGO,CHIAPAS
26/11/1997,09:38:54,29.7,-113.88,10,5.5,173,SUR,SAN FELIPE,BAJA CALIFORNIA NORTE
28/07/1997,05:09:02,25.6,-109.36,20,5.6,40,SUR,AHOME,SINALOA
19/07/1997,09:22:09,15.86,-98.26,15,6.7,58,SUR,PINOTEPA NACIONAL,OAXACA
22/05/1997,02:50:55,18.41,-101.81,59,6,61,NORTE,LAS GUACAMAYAS,MICHOACAN
01/05/1997,06:37:36,18.96,-107.15,15,6.9,272,SUR,PUERTO VALLARTA,JALISCO
21/01/1997,15:19:58,16.44,-98.15,18,5.6,15,NORTE,PINOTEPA NACIONAL,OAXACA
16/01/1997,15:41:10,17.94,-102.76,25,5.6,47,OESTE,LA MIRA,MICHOACAN
11/01/1997,14:28:26,18.34,-102.58,40,7.1,43,NORTE,LA MIRA,MICHOACAN
31/12/1996,06:41:44,15.61,-93.61,5,5.6,44,OESTE,PIJIJIAPAN,CHIAPAS
15/07/1996,16:23:34,17.5,-101.12,22,6.6,17,ESTE,PETATLAN,GUERRERO
23/04/1996,01:53:35,17.11,-101.6,17,5.6,59,SUR,PETATLAN,GUERRERO
27/03/1996,06:34:48,16.21,-98.25,7,5.5,26,SUR,PINOTEPA NACIONAL,OAXACA
19/03/1996,11:12:39,15.49,-97.55,15,6,59,SUR,RIO GRANDE,OAXACA
25/02/1996,19:37:32,15.77,-97.92,14,5.7,58,SUR,RIO GRANDE,OAXACA
25/02/1996,03:17:57,15.86,-98.13,17,5.6,54,SUR,PINOTEPA NACIONAL,OAXACA
24/02/1996,21:08:19,15.88,-97.98,15,7.1,52,SUR,PINOTEPA NACIONAL,OAXACA
11/12/1995,13:44:10,18.73,-105.74,21,6,136,SUR,CIHUATLAN,JALISCO
11/12/1995,13:11:42,18.94,-105.64,72,5.7,118,SUR,CIHUATLAN,JALISCO
11/12/1995,08:09:24,18.96,-105.63,16,6.2,116,SUR,CIHUATLAN,JALISCO
20/10/1995,20:38:58,16.811,-93.474,160,7.1,12,NORTE,OCOZOCOAUTLA,CHIAPAS
12/10/1995,10:53:04,19.04,-103.7,11,6.1,21,SUR,COQUIMATLAN,COLIMA
09/10/1995,09:35:54,18.993,-104.245,25,8,10,SUR,MANZANILLO,COLIMA
14/09/1995,08:04:33,16.752,-98.667,21,7.3,29,NORTE,OMETEPEC,GUERRERO
08/09/1995,11:25:49,14.71,-94.35,15,5.5,163,SUR,PIJIJIAPAN,CHIAPAS
06/09/1995,16:48:55,15,-94.23,20,5.8,130,SUR,TONALA,CHIAPAS
28/08/1995,04:46:12,26.16,-110.35,10,6.5,101,ESTE,LORETO,BAJA CALIFORNIA SUR
30/06/1995,07:41:42,24.38,-110.25,10,5.8,27,NORTE,LA PAZ,BAJA CALIFORNIA SUR
30/06/1995,05:58:56,24.62,-110.26,10,6.3,53,NORTE,LA PAZ,BAJA CALIFORNIA SUR
14/06/1995,05:11:50,12.167,-88.372,27,6.5,494,SUR,CD HIDALGO,CHIAPAS
10/12/1994,10:17:40,17.98,-101.52,53,6.6,37,NORTE,ZIHUATANEJO,GUERRERO
28/10/1994,03:11:32,15.42,-102.9,5,5.6,285,SUR,ZIHUATANEJO,GUERRERO
04/07/1994,15:36:43,14.83,-97.31,19,6.1,117,SUR,PUERTO ESCONDIDO,OAXACA
22/05/1994,19:41:44,17.97,-100.67,20,5.8,43,SUR,CD ALTAMIRANO,GUERRERO
10/04/1994,11:36:59,14.59,-92.43,5,5.5,32,SUR,CD HIDALGO,CHIAPAS
14/03/1994,14:51:26,15.984,-92.432,160,6.8,42,SUR,VENUSTIANO CARRANZA,CHIAPAS
18/11/1993,20:25:06,13.86,-94.14,60,5.5,220,SUR,MAPASTEPEC,CHIAPAS
12/11/1993,18:16:44,15.63,-99.02,15,5.8,130,SUR,PINOTEPA NACIONAL,OAXACA
24/10/1993,01:52:19,16.767,-98.767,30,6.6,40,OESTE,OMETEPEC,GUERRERO
30/09/1993,12:27:49,14.78,-95.01,13,6.4,156,SUR,SALINA CRUZ,OAXACA
19/09/1993,08:10:56,13.99,-93.43,5,6.3,157,SUR,CD HIDALGO,CHIAPAS
11/09/1993,13:29:48,14.3,-92.68,22,5.5,71,SUR,CD HIDALGO,CHIAPAS
10/09/1993,13:12:57,14.8,-92.687,34,7.2,44,SUR,HUIXTLA,CHIAPAS
10/09/1993,12:58:52,13.8,-92.89,17,5.7,126,SUR,CD HIDALGO,CHIAPAS
10/09/1993,11:28:03,13.73,-92.92,16,5.5,134,SUR,CD HIDALGO,CHIAPAS
03/09/1993,06:35:05,14.643,-92.804,47,6.7,65,SUR,TAPACHULA,CHIAPAS
14/05/1993,21:11:56,16.47,-98.72,15,6,41,SUR,OMETEPEC,GUERRERO
14/05/1993,21:09:39,16.43,-98.74,20,5.8,45,SUR,OMETEPEC,GUERRERO
05/03/1993,02:20:55,28.71,-113.11,10,5.8,125,NORTE,GUERRERO NEGRO,BAJA CALIFORNIA SUR
30/05/1992,10:29:59,14.04,-93.05,19,5.5,120,SUR,CD HIDALGO,CHIAPAS
21/02/1992,16:09:52,13.91,-92.28,37,5.6,86,SUR,CD HIDALGO,CHIAPAS
11/11/1991,11:45:53,17.55,-105.76,5,5.7,225,SUR,CIHUATLAN,JALISCO
27/06/1991,13:42:41,24.41,-108.23,10,5.6,66,SUR,NAVOLATO,SINALOA
21/06/1991,18:30:26,23.99,-108.49,10,6.1,117,SUR,NAVOLATO,SINALOA
01/04/1991,01:34:45,16.05,-98.38,5,5.5,48,SUR,PINOTEPA NACIONAL,OAXACA
31/03/1991,23:03:58,22.31,-107.04,10,5.5,121,SUR,MAZATLAN ,SINALOA
14/02/1991,10:37:22,29.72,-113.82,10,5.5,175,SUR,SAN FELIPE,BAJA CALIFORNIA NORTE
31/12/1990,21:19:36,18.14,-105.95,12,5.5,190,SUR,CIHUATLAN,JALISCO
31/12/1990,18:06:36,18.54,-105.77,10,6.2,149,SUR,CIHUATLAN,JALISCO
30/12/1990,15:30:32,18.95,-107.02,34,5.9,260,OESTE,CIHUATLAN,JALISCO
31/05/1990,01:35:30,17.14,-100.86,27,5.8,26,SUR,TECPAN,GUERRERO
16/03/1990,09:52:44,24.93,-109.1,20,6.1,94,SUR,G LEYVA SOLANO(BENITO J),SINALOA
05/01/1990,12:26:56,18.71,-107.03,10,5.8,266,OESTE,CIHUATLAN,JALISCO
16/09/1989,17:20:56,16.21,-94.01,93,5.9,12,OESTE,ARRIAGA,CHIAPAS
05/09/1989,00:28:09,13.92,-93.87,10,5.6,198,SUR,MAPASTEPEC,CHIAPAS
28/08/1989,22:16:26,18.016,-105.674,27,6.5,179,SUR,CIHUATLAN,JALISCO
12/08/1989,09:31:50,18.12,-101.03,15,5.5,47,SUR,CD ALTAMIRANO,GUERRERO
27/04/1989,20:34:38,18.19,-104.4,6,5.5,94,SUR,CD DE ARMERIA,COLIMA
25/04/1989,08:29:03,16.795,-99.275,23,6.8,12,ESTE,SAN MARCOS,GUERRERO
19/04/1989,09:00:34,18.05,-105.35,20,5.6,155,SUR,CIHUATLAN,JALISCO
19/04/1989,08:49:00,17.9,-105.23,20,5.7,160,SUR,MANZANILLO,COLIMA
03/11/1988,08:47:13,13.913,-90.557,74,6.6,192,SUR,CD HIDALGO,CHIAPAS
03/08/1988,11:50:43,18.6,-106.38,20,5.7,204,SUR,CIHUATLAN,JALISCO
03/08/1988,11:30:11,18.73,-106.62,16,5.9,224,OESTE,CIHUATLAN,JALISCO
18/06/1988,16:49:44,26.813,-110.988,12,6.6,95,NORTE,LORETO,BAJA CALIFORNIA NORTE
08/02/1988,07:51:31,17.4,-101.22,10,5.5,16,SUR,PETATLAN,GUERRERO
24/11/1987,07:15:59,33.083,-115.983,10,6.5,63,NORTE,SANTA ISABEL,BAJA CALIFORNIA NORTE
14/11/1987,16:23:01,19.68,-108.99,52,5.9,368,SUR,CABO SAN LUCAS,BAJA CALIFORNIA SUR
14/11/1987,16:16:09,19.76,-108.96,50,5.5,360,SUR,CABO SAN LUCAS,BAJA CALIFORNIA SUR
15/07/1987,01:16:13,17.39,-97.26,68,6,46,NORTE,HEROICA CIUDAD DE TLAXIACO,OAXACA
06/02/1987,21:45:13,32.39,-115.39,5,5.5,29,NORTE,GPE VICTORIA,BAJA CALIFORNIA NORTE
02/02/1987,13:22:05,16.37,-98.56,33,5.5,38,SUR,OMETEPEC,GUERRERO
04/11/1986,14:38:46,15.94,-97.66,33,5.5,25,SUR,RIO GRANDE,OAXACA
03/11/1986,08:13:28,13.08,-90.35,33,5.8,263,SUR,CD HIDALGO,CHIAPAS
25/09/1986,00:15:47,22.88,-108.83,5,5.7,92,ESTE,SAN JOSÉ DEL CABO,BAJA CALIFORNIA SUR
13/07/1986,03:12:15,16.08,-94.2,90,6,36,SUR,ARRIAGA,CHIAPAS
11/06/1986,17:14:34,15.14,-93.51,33,5.8,69,SUR,PIJIJIAPAN,CHIAPAS
30/04/1986,01:07:19,18.361,-103.045,22,7,48,SUR,COALCOMAN,MICHOACAN
07/04/1986,16:43:34,15.91,-94.5,25,5.8,72,SUR,UNION HIDALGO,CHIAPAS
24/03/1986,13:43:23,18.01,-113.44,9,5.7,653,SUR,CABO SAN LUCAS,BAJA CALIFORNIA SUR
24/03/1986,04:34:02,14.31,-91.66,33,6.5,67,SUR,CD HIDALGO,CHIAPAS
07/02/1986,15:26:46,17.4,-102.03,33,5.7,58,SUR,ZIHUATANEJO,GUERRERO
29/10/1985,09:02:25,17.79,-102.58,16,5.6,38,SUR,LA MIRA,MICHOACAN
20/09/1985,19:37:14,17.828,-101.681,17,7.6,25,NORTE,ZIHUATANEJO,GUERRERO
19/09/1985,07:17:49,18.419,-102.468,15,8.1,45,NORTE,LA MIRA,MICHOACAN
15/09/1985,01:57:53,17.75,-97.28,56,5.9,16,SUR,TEPELMEME,OAXACA
12/06/1985,05:03:08,15.98,-94.18,33,5.6,41,SUR,ARRIAGA,CHIAPAS
19/12/1984,02:49:59,15.59,-94.26,60,5.6,77,SUR,TONALA,CHIAPAS
02/12/1984,00:09:44,20.36,-115.76,9,6.2,666,SUR,CD CONSTITUCION,BAJA CALIFORNIA SUR
05/10/1984,03:48:44,20.1,-116.01,9,5.5,702,SUR,CABO SAN LUCAS,BAJA CALIFORNIA SUR
01/07/1984,22:50:32,15.84,-99.03,33,6,112,SUR,SAN MARCOS,GUERRERO
17/02/1984,14:33:41,20.5,-109.23,9,5.5,274,SUR,CABO SAN LUCAS,BAJA CALIFORNIA SUR
10/02/1984,10:51:21,28.33,-112.08,9,6.2,82,SUR,MIGUEL ALEMAN (LA DOCE),SONORA
13/12/1983,00:37:06,14.82,-93.41,15,5.5,88,SUR,MAPASTEPEC,CHIAPAS
08/12/1983,04:21:58,18.3,-102.42,67,5.5,31,NORTE,LA MIRA,MICHOACAN
01/12/1983,21:09:04,14.032,-91.956,35,7,75,SUR,CD HIDALGO,CHIAPAS
15/09/1983,04:39:02,15.97,-93.44,122,5.7,35,SUR,VILLAFLORES,CHIAPAS
05/08/1983,20:26:49,16,-94.09,61,5.6,33,SUR,ARRIAGA,CHIAPAS
11/07/1983,21:39:27,23.89,-108.36,9,5.5,112,SUR,ELDORADO,SINALOA
27/05/1983,00:26:31,16.14,-100.61,33,5.5,111,SUR,COYUCA DE BENITEZ,GUERRERO
13/05/1983,23:52:42,15.52,-93.94,33,5.5,66,SUR,TONALA,CHIAPAS
09/05/1983,14:09:15,19.98,-109.45,9,6.2,326,SUR,CABO SAN LUCAS,BAJA CALIFORNIA SUR
08/05/1983,09:05:08,20,-109.34,9,5.8,325,SUR,CABO SAN LUCAS,BAJA CALIFORNIA SUR
07/05/1983,01:00:02,15.87,-95.44,25,5.5,43,SUR,SALINA CRUZ,OAXACA
14/04/1983,07:31:14,15.04,-96.86,15,5.7,89,SUR,S PEDRO POCHUTLA,OAXACA
14/04/1983,01:19:28,14.01,-91.72,33,5.9,87,SUR,CD HIDALGO,CHIAPAS
07/02/1983,05:54:44,16.45,-98.53,33,5.5,29,SUR,OMETEPEC,GUERRERO
05/02/1983,17:41:01,15.65,-95.5,15,5.5,67,SUR,SALINA CRUZ,OAXACA
24/01/1983,07:04:07,15.32,-95.43,33,5.5,90,SUR,CRUCECITA,OAXACA
24/01/1983,02:17:40,16.165,-95.206,50,6.8,2,SUR,SALINA CRUZ,OAXACA
14/12/1982,08:11:51,16.46,-98.51,16,5.7,27,SUR,OMETEPEC,GUERRERO
28/09/1982,23:50:32,14.51,-89.05,12,5.5,334,ESTE,CD HIDALGO,CHIAPAS
19/06/1982,00:24:20,16,-95.1,5,5.9,23,SUR,SALINA CRUZ,OAXACA
19/06/1982,00:21:59,13.346,-89.368,74,7.3,335,SUR,CD HIDALGO,CHIAPAS
07/06/1982,04:59:40,16.516,-98.339,19,7,20,SUR,OMETEPEC,GUERRERO
07/06/1982,00:52:33,16.424,-98.253,6,6.9,23,NORTE,PINOTEPA NACIONAL,OAXACA
06/04/1982,13:56:53,14.276,-92.074,45,6.7,45,SUR,CD HIDALGO,CHIAPAS
04/03/1982,05:41:02,13.24,-88.91,76,6,384,SUR,CD HIDALGO,CHIAPAS
07/02/1982,13:18:17,29.03,-113.03,9,5.6,153,OESTE,MIGUEL ALEMAN (LA DOCE),SONORA
11/01/1982,23:48:17,13.18,-87.59,4,6,520,SUR,CD HIDALGO,CHIAPAS
02/01/1982,01:05:50,16.44,-100.29,33,6,63,SUR,ACAPULCO,GUERRERO
01/01/1982,21:30:41,15.93,-100.88,25,6.1,145,SUR,TECPAN,GUERRERO
01/11/1981,17:18:41,17.96,-101.31,33,5.5,43,NORTE,ZIHUATANEJO,GUERRERO
24/10/1981,21:22:16,18.088,-102.061,21,7.3,18,NORTE,LAS GUACAMAYAS,MICHOACAN
25/07/1981,23:14:21,17.79,-102.01,21,6.5,28,SUR,CD LAZARO CARDENAS,MICHOACAN
21/07/1981,03:15:00,15.1,-99.2,40,5.7,184,SUR,PINOTEPA NACIONAL,OAXACA
01/06/1981,09:12:46,18.73,-107.03,33,6,266,OESTE,CIHUATLAN,JALISCO
15/01/1981,19:14:57,15.35,-93.41,33,5.6,43,SUR,PIJIJIAPAN,CHIAPAS
01/01/1981,11:29:49,15.83,-99.09,33,5.5,111,SUR,SAN MARCOS,GUERRERO
01/11/1980,16:52:22,19.09,-107.33,33,6.1,277,SUR,PUERTO VALLARTA,JALISCO
24/10/1980,08:53:36,18.174,-98.222,65,7.1,19,OESTE,ACATLÁN DE OSORIO,PUEBLA
08/08/1980,23:45:11,15.879,-88.505,24,6.5,291,SUR,CHETUMAL,QUINTANA ROO
19/07/1980,18:24:04,16.35,-91.95,64,5.5,5,NORTE,LAS MARGARITAS,CHIAPAS
08/06/1980,21:28:18,32.22,-114.99,5,6.4,13,SUR,GPE VICTORIA,BAJA CALIFORNIA NORTE
06/06/1980,21:51:36,16.24,-98.29,33,5.5,28,SUR,PINOTEPA NACIONAL,OAXACA
25/11/1979,16:14:54,13.58,-91.69,33,6.3,131,SUR,CD HIDALGO,CHIAPAS
27/10/1979,15:43:26,13.782,-90.754,65,6.8,180,SUR,CD HIDALGO,CHIAPAS
27/10/1979,08:36:00,13.855,-90.857,64,6.8,167,SUR,CD HIDALGO,CHIAPAS
21/10/1979,23:42:13,15.36,-99.75,33,5.7,163,SUR,SAN MARCOS,GUERRERO
16/10/1979,00:19:48,32.93,-115.54,9,5.5,30,NORTE,MEXICALI,BAJA CALIFORNIA NORTE
15/10/1979,17:17:00,32.784,-115.657,14,6.5,19,NORTE,SANTA ISABEL,BAJA CALIFORNIA NORTE
01/10/1979,08:14:16,15.67,-92.93,100,6,26,NORTE,MAPASTEPEC,CHIAPAS
22/06/1979,00:30:57,17.014,-94.605,115,6.9,49,NORTE,MATIAS ROMERO,OAXACA
04/06/1979,00:26:43,15.48,-93.9,33,5.6,69,SUR,TONALA,CHIAPAS
30/04/1979,00:00:52,17.04,-102.08,36,5.6,87,SUR,ZIHUATANEJO,GUERRERO
30/03/1979,18:28:30,14.56,-92.72,96,5.9,63,OESTE,CD HIDALGO,CHIAPAS
22/03/1979,06:23:06,17.37,-102.14,33,5.5,65,SUR,CD LAZARO CARDENAS,MICHOACAN
18/03/1979,14:12:35,17.58,-100.83,36,6,45,NORTE,TECPAN,GUERRERO
14/03/1979,05:07:15,17.75,-101.263,25,7.4,24,NORTE,PETATLAN,GUERRERO
22/02/1979,16:53:21,27.59,-112.41,33,5.5,31,NORTE,SANTA ROSALIA,BAJA CALIFORNIA SUR
26/01/1979,14:17:33,17.2,-101.23,13,5.5,38,SUR,PETATLAN,GUERRERO
26/01/1979,11:10:31,17,-101.99,33,6,85,SUR,ZIHUATANEJO,GUERRERO
26/01/1979,04:04:31,17.397,-100.895,23,6.6,34,NORTE,TECPAN,GUERRERO
11/01/1979,21:59:00,14.11,-91.9,75,5.5,68,SUR,CD HIDALGO,CHIAPAS
10/01/1979,07:24:15,16.49,-93.99,116,5.7,30,NORTE,ARRIAGA,CHIAPAS
06/12/1978,08:26:53,13.56,-92.46,33,5.7,128,SUR,CD HIDALGO,CHIAPAS
29/11/1978,14:49:48,16.19,-96.63,22,5.7,16,SUR,MIAHUATLAN,OAXACA
29/11/1978,13:52:50,16.013,-96.586,23,7.6,32,NORTE,S PEDRO POCHUTLA,OAXACA
18/08/1978,09:35:31,15.13,-92.51,33,5.5,5,OESTE,HUIXTLA,CHIAPAS
30/05/1978,19:07:21,12.759,-87.287,49,6.5,567,SUR,CD HIDALGO,CHIAPAS
05/05/1978,15:03:15,32.22,-115.32,5,5.5,22,SUR,GPE VICTORIA,BAJA CALIFORNIA NORTE
18/03/1978,19:39:16,17.036,-99.745,44,6.6,24,NORTE,ACAPULCO,GUERRERO
21/09/1977,07:15:57,20.03,-109.15,33,5.7,326,SUR,CABO SAN LUCAS,BAJA CALIFORNIA SUR
10/09/1977,04:21:03,13.52,-91.75,78,5.6,135,SUR,CD HIDALGO,CHIAPAS
19/08/1977,21:51:54,16.7,-86.61,36,5.9,269,SUR,CHETUMAL,QUINTANA ROO
19/08/1977,20:46:11,16.61,-86.85,14,5.7,260,SUR,CHETUMAL,QUINTANA ROO
07/12/1976,06:59:56,31.98,-114.78,8,5.5,46,SUR,GPE VICTORIA,BAJA CALIFORNIA NORTE
19/09/1976,14:58:05,18,-100.58,42,5.5,41,SUR,CD ALTAMIRANO,GUERRERO
05/09/1976,14:11:40,18.64,-100.93,61,5.5,4,NORTE,HUETAMO,MICHOACAN
07/06/1976,08:26:42,17.406,-100.682,57,6.5,21,NORTE,TECPAN,GUERRERO
20/02/1976,08:20:42,13.68,-92.26,32,5.5,111,SUR,CD HIDALGO,CHIAPAS
09/02/1976,15:29:57,21.59,-106.61,48,5.5,141,SUR,TUXPAN,NAYARIT
08/02/1976,02:13:46,15.57,-88.47,5,5.6,325,SUR,CHETUMAL,QUINTANA ROO
06/02/1976,12:19:17,14.76,-90.61,5,5.7,166,ESTE,CD HIDALGO,CHIAPAS
04/02/1976,03:01:46,15.262,-89.198,13,7.5,319,ESTE,FRONTERA COMALAPA,CHIAPAS
01/02/1976,05:14:57,17.17,-100.19,52,5.7,21,NORTE,COYUCA DE BENITEZ,GUERRERO
15/11/1975,09:28:30,18.23,-102.18,33,5.9,24,NORTE,LAS GUACAMAYAS,MICHOACAN
28/10/1975,22:53:58,16.86,-99.67,33,5.7,24,ESTE,ACAPULCO,GUERRERO
11/10/1975,08:41:09,17.58,-102.28,33,5.5,42,SUR,CD LAZARO CARDENAS,MICHOACAN
24/09/1975,11:19:37,25.15,-109.26,33,5.7,76,SUR,LOS MOCHIS,SINALOA
19/08/1975,14:18:55,15.29,-98.81,33,5.6,142,SUR,PINOTEPA NACIONAL,OAXACA
19/08/1975,08:57:12,15.85,-94.34,33,5.6,63,SUR,ARRIAGA,CHIAPAS
08/07/1975,03:37:25,29.304,-113.468,5,6.5,160,NORTE,GUERRERO NEGRO,BAJA CALIFORNIA SUR
23/04/1975,05:14:48,16.34,-98.87,11,6,62,SUR,OMETEPEC,GUERRERO
14/03/1975,00:04:31,16.11,-93.63,155,5.5,14,ESTE,TONALA,CHIAPAS
31/12/1974,14:21:09,14.13,-91.82,39,6.1,70,SUR,CD HIDALGO,CHIAPAS
24/10/1974,18:05:34,15.84,-93.48,100,6,34,NORTE,PIJIJIAPAN,CHIAPAS
06/10/1974,11:09:33,16.69,-99.89,50,5.5,20,SUR,ACAPULCO,GUERRERO
18/07/1974,13:21:23,16.78,-98.6,33,5.6,23,NORTE,OMETEPEC,GUERRERO
25/06/1974,02:44:45,15.44,-95.47,30,5.6,80,SUR,CRUCECITA,OAXACA
31/05/1974,08:04:59,27.23,-111.24,33,6.3,83,SUR,HERÓICA GUAYMAS,SONORA
28/08/1973,03:50:41,18.248,-96.551,82,7.3,30,SUR,TIERRA BLANCA,VERACRUZ
30/01/1973,15:01:12,18.412,-103.019,24,7.6,43,SUR,COALCOMAN,MICHOACAN
12/11/1972,22:43:45,15.541,-95.04,14,6.5,73,SUR,SALINA CRUZ,OAXACA
20/10/1972,02:17:46,18.7,-106.756,10,6.6,238,OESTE,CIHUATLAN,JALISCO
30/09/1971,02:18:00,26.88,-110.8,14,6.5,92,SUR,PUEBLO YAQUI,SONORA
30/04/1970,02:32:58,14.608,-93.26,22,6.5,100,SUR,MAPASTEPEC,CHIAPAS
29/04/1970,08:01:34,14.463,-92.683,44,7.3,62,SUR,CD HIDALGO,CHIAPAS
03/02/1970,23:08:50,15.524,-99.493,21,6.6,141,SUR,SAN MARCOS,GUERRERO
01/11/1969,05:08:22,23.105,-107.99,10,6.6,144,SUR,LA CRUZ,SINALOA
17/08/1969,14:15:00,25.12,-109.55,15,6.7,93,SUR,LOS MOCHIS,SINALOA
17/08/1969,14:13:09,25.25,-109.24,15,6.5,65,SUR,LOS MOCHIS,SINALOA
28/11/1968,04:36:08,15.231,-94.775,23,6.6,114,SUR,SALINA CRUZ,OAXACA
02/08/1968,08:06:37,16.6,-97.8,16,7.3,39,NORTE,PINOTEPA NACIONAL,OAXACA
01/07/1968,21:44:52,17.508,-100.256,62,6.7,38,NORTE,ATOYAC DE ALVAREZ,GUERRERO
09/12/1965,00:07:51,17.249,-100.07,65,6.5,27,NORTE,COYUCA DE BENITEZ,GUERRERO
23/08/1965,13:46:02,16.178,-95.877,12,7.4,53,NORTE,CRUCECITA,OAXACA
06/07/1964,01:22:13,18.03,-100.77,55,7.2,38,SUR,CD ALTAMIRANO,GUERRERO
05/07/1964,20:14:37,26.32,-110.28,10,6.5,85,SUR,HUATABAMPO,SONORA
18/11/1963,08:38:26,29.68,-113.74,7,6.5,182,SUR,PUERTO VALLARTA,JALISCO
19/05/1962,08:58:10,17.12,-99.57,33,7,41,NORTE,SAN MARCOS,GUERRERO
11/05/1962,08:11:57,17.25,-99.58,33,7.1,34,SUR,CHILPANCINGO,GUERRERO
01/09/1961,12:50:34,13.5,-92.66,25,6.6,141,SUR,CD HIDALGO,CHIAPAS
13/07/1960,10:23:56,17,-94.5,150,6.9,59,ESTE,MATIAS ROMERO,OAXACA
26/08/1959,02:25:31,18.26,-94.43,21,6.4,12,NORTE,ALLENDE,VERACRUZ
24/05/1959,13:17:43,17.72,-97.15,80,6.8,28,SUR,TEPELMEME,OAXACA
28/07/1957,02:40:10,17.11,-99.1,33,7.8,47,NORTE,SAN MARCOS,GUERRERO
09/04/1957,23:12:09,15.52,-98.25,33,6.7,93,SUR,PINOTEPA NACIONAL,OAXACA
09/02/1956,08:32:39,31.9,-115.8,33,6.7,75,ESTE,RODOLFO SANCHEZ T (MRO),BAJA CALIFORNIA NORTE
26/09/1955,02:28:20,15.5,-92.5,200,6.9,31,NORTE,MOTOZINTLA,CHIAPAS
28/08/1955,14:13:30,14,-91,60,6.6,145,SUR,CD HIDALGO,CHIAPAS
05/04/1955,09:09:15,25,-110,33,6.6,100,NORTE,LA PAZ,BAJA CALIFORNIA SUR
29/04/1954,05:34:34,28.5,-113,33,7,120,NORTE,GUERRERO NEGRO,BAJA CALIFORNIA SUR
01/12/1953,09:18:33,16.4,-98.85,33,6.7,57,SUR,OMETEPEC,GUERRERO
24/08/1953,07:21:02,14.1,-91.4,96,6.7,103,SUR,CD HIDALGO,CHIAPAS
28/12/1951,03:20:26,16.9,-98.7,33,6.8,39,NORTE,OMETEPEC,GUERRERO
11/12/1951,19:37:34,17,-94.5,100,7,59,ESTE,MATIAS ROMERO,OAXACA
14/12/1950,08:15:50,17.22,-98.12,33,7.2,47,OESTE,HEROICA CIUDAD DE TLAXIACO,OAXACA
17/11/1950,13:28:23,17.5,-100.5,33,6.6,33,NORTE,ATOYAC DE ALVAREZ,GUERRERO
23/10/1950,10:13:20,14.3,-91.8,33,7.2,56,SUR,CD HIDALGO,CHIAPAS
21/10/1950,03:42:58,17.73,-106,33,6.6,225,SUR,CIHUATLAN,JALISCO
29/09/1950,00:32:20,19,-107,60,7,257,SUR,PUERTO VALLARTA,JALISCO
03/12/1948,18:22:48,22,-106.5,33,6.9,116,SUR,TECUALA,NAYARIT
11/08/1948,04:36:19,17.75,-95.25,100,6.5,31,SUR,JOSE RODRIGUEZ CLARA,VERACRUZ
06/01/1948,11:25:58,17,-98,80,7,45,SUR,HEROICA CIUDAD DE TLAXIACO,OAXACA
06/01/1948,11:23:36,17,-98,80,6.9,45,SUR,HEROICA CIUDAD DE TLAXIACO,OAXACA
10/07/1946,22:46:42,17,-94.5,130,6.9,59,ESTE,MATIAS ROMERO,OAXACA
06/06/1946,22:13:20,16.5,-94,100,6.5,31,NORTE,ARRIAGA,CHIAPAS
27/10/1945,05:24:41,15,-91.25,200,6.7,98,ESTE,CACAHOATAN,CHIAPAS
11/10/1945,10:53:02,18.32,-97.65,95,6.5,31,SUR,TEHUACAN,PUEBLA
29/06/1945,23:31:18,17,-115,33,6.7,841,SUR,CABO SAN LUCAS,BAJA CALIFORNIA SUR
27/06/1945,07:08:20,27,-111,33,6.8,102,SUR,HERÓICA GUAYMAS,SONORA
28/06/1944,01:58:54,15,-92.5,33,7.1,16,SUR,HUIXTLA,CHIAPAS
10/01/1944,14:09:52,17,-101,33,6.5,46,SUR,TECPAN,GUERRERO
23/09/1943,09:00:44,15,-91.5,110,6.7,71,ESTE,CACAHOATAN,CHIAPAS
31/08/1943,10:10:40,14.25,-91.5,80,6.7,85,SUR,CD HIDALGO,CHIAPAS
22/02/1943,03:20:45,17.6,-101.1,33,7.4,20,NORTE,PETATLAN,GUERRERO
11/11/1942,22:55:34,17.25,-94.25,90,6.7,75,SUR,LAS CHOAPAS,VERACRUZ
06/08/1942,17:36:59,14.8,-91.3,50,7.9,93,ESTE,CD HIDALGO,CHIAPAS
20/06/1942,04:02:07,19,-101,100,6.7,43,NORTE,HUETAMO,MICHOACAN
15/04/1941,13:09:51,18.85,-102.94,33,7.6,25,NORTE,COALCOMAN,MICHOACAN
27/07/1940,07:32:30,14.25,-91.5,90,6.7,85,SUR,CD HIDALGO,CHIAPAS
18/05/1940,22:36:41,32.7,-115.5,33,7.1,5,NORTE,MEXICALI,BAJA CALIFORNIA NORTE
05/12/1939,02:30:07,14.5,-91.5,33,6.7,73,SUR,CD CHIAPAS,CHIAPAS
02/05/1939,07:14:47,29.5,-113.5,33,6.7,179,NORTE,GUERRERO NEGRO,BAJA CALIFORNIA SUR
25/12/1937,00:03:25,15.68,-97.8,33,6.5,54,SUR,RIO GRANDE,OAXACA
23/12/1937,07:17:58,17.1,-98.07,33,7.4,46,SUR,HEROICA CIUDAD DE TLAXIACO,OAXACA
06/10/1937,03:47:18,17.78,-99.17,100,6.9,20,NORTE,CHILAPA,GUERRERO
25/07/1937,21:47:13,18.45,-96.08,85,7.3,24,NORTE,TRES VALLES,VERACRUZ
14/12/1935,16:05:17,14.75,-92.5,33,7.3,31,SUR,TAPACHULA,CHIAPAS
29/06/1935,00:48:54,18.75,-103.5,33,6.9,36,OESTE,COALCOMAN,MICHOACAN
31/12/1934,12:45:45,32,-114.75,33,7.1,46,SUR,GPE VICTORIA,BAJA CALIFORNIA NORTE
29/11/1934,20:05:16,19,-105.31,33,7,83,SUR,CIHUATLAN,JALISCO
28/01/1934,13:10:03,17,-100,33,6.8,9,ESTE,COYUCA DE BENITEZ,GUERRERO
08/05/1933,04:33:40,17.5,-101,33,6.9,29,ESTE,PETATLAN,GUERRERO
08/04/1933,21:58:17,19.5,-105,33,6.6,54,NORTE,CIHUATLAN,JALISCO
07/12/1932,10:22:09,19,-104,33,6.8,8,NORTE,CD DE ARMERIA,COLIMA
25/07/1932,03:12:46,18.87,-103.93,33,6.9,7,SUR,TECOMAN,COLIMA
12/07/1932,13:24:10,26.5,-110,33,6.7,51,SUR,HUATABAMPO,SONORA
07/07/1932,10:15:51,29,-113,33,6.7,149,OESTE,MIGUEL ALEMAN (LA DOCE),SONORA
22/06/1932,06:59:28,18.74,-104.68,33,6.9,52,SUR,MANZANILLO,COLIMA
18/06/1932,04:12:10,19.5,-103.5,33,7.8,14,SUR,TUXPAN,JALISCO
03/06/1932,04:36:52,19.57,-104.42,33,8.2,4,SUR,CASIMIRO CASTILLO,JALISCO
14/01/1931,19:50:40,16.34,-96.87,40,7.8,30,OESTE,MIAHUATLAN,OAXACA
02/01/1931,03:49:02,19,-107,33,6.7,257,SUR,PUERTO VALLARTA,JALISCO
08/10/1928,21:01:08,16.3,-97.3,33,7.5,35,NORTE,RIO GRANDE,OAXACA
04/08/1928,12:28:17,16.83,-97.61,33,7.4,49,SUR,HEROICA CIUDAD DE TLAXIACO,OAXACA
16/06/1928,21:19:28,16.33,-96.7,33,7.6,11,OESTE,MIAHUATLAN,OAXACA
16/04/1928,21:25:27,17.69,-96.44,115,6.7,55,SUR,TUXTEPEC,OAXACA
21/03/1928,22:17:30,15.67,-96.1,33,7.5,12,SUR,CRUCECITA,OAXACA
09/02/1928,22:39:37,18.26,-97.99,84,6.5,9,NORTE,ACATLÁN DE OSORIO,PUEBLA
10/12/1925,08:14:42,15.5,-92.5,33,7,31,NORTE,MOTOZINTLA,CHIAPAS
16/11/1925,05:54:54,18,-107,33,7,291,SUR,CIHUATLAN,JALISCO
07/08/1925,01:47:48,19,-102,100,6.7,10,SUR,NUEVA ITALIA,MICHOACAN
11/06/1922,22:47:44,24,-108.5,33,6.7,117,SUR,NAVOLATO,SINALOA
21/04/1921,14:01:36,18.2,-103.3,33,6.5,65,SUR,COALCOMAN,MICHOACAN
04/02/1921,02:22:44,15,-91,120,7.4,125,ESTE,CACAHOATAN,CHIAPAS
19/04/1920,15:06:36,19,-97,110,6.7,9,SUR,COSCOMATEPEC,VERACRUZ
03/01/1920,22:21:56,19.27,-96.97,10,6.4,13,NORTE,HUATUSCO,VERACRUZ
17/04/1919,14:53:03,14.5,-91.75,33,6.9,48,SUR,CD CHIAPAS,CHIAPAS
07/06/1918,15:27:06,18.7,-103.3,33,6.6,17,SUR,COALCOMAN,MICHOACAN
23/05/1918,05:57:30,27,-111,33,6.8,102,SUR,HERÓICA GUAYMAS,SONORA
29/12/1917,16:50:20,15,-97,33,6.9,96,SUR,PUERTO ESCONDIDO,OAXACA
21/11/1916,00:25:24,18,-100,33,6.8,43,SUR,TELOLOAPAN,GUERRERO
02/06/1916,07:59:24,17.5,-95,150,7,42,SUR,SAYULA DE ALEMAN,VERACRUZ
20/11/1915,18:13:22,32,-115,10,7,33,SUR,GPE VICTORIA,BAJA CALIFORNIA NORTE
06/09/1915,19:20:48,14,-89,80,7.4,348,ESTE,CD CHIAPAS,CHIAPAS
29/03/1914,18:41:18,17,-92,150,7.2,14,NORTE,OCOSINGO,CHIAPAS
09/12/1912,02:32:24,15.5,-93,33,7,13,NORTE,MAPASTEPEC,CHIAPAS
19/11/1912,07:55:07,19.93,-99.83,33,6.9,15,NORTE,ATLACOMULCO,EDO DE MEXICO
16/12/1911,13:14:18,16.9,-100.7,50,7.5,36,SUR,TECPAN,GUERRERO
27/08/1911,04:59:18,17,-96,100,6.7,51,ESTE,TLACOLULA,OAXACA
07/06/1911,05:02:42,17.5,-102.5,33,7.6,59,SUR,CD LAZARO CARDENAS,MICHOACAN
03/02/1911,14:41:55,17.8,-97.6,80,6.5,19,ESTE,H HUAJUAPAN DE LEON,OAXACA
23/09/1910,21:32:42,16.77,-95.9,80,6.9,65,SUR,TLACOLULA,OAXACA
30/05/1910,22:19:19,16.7,-99.2,33,6.5,23,SUR,SAN MARCOS,GUERRERO
31/10/1909,04:23:00,17,-101.2,33,6.9,60,SUR,PETATLAN,GUERRERO
05/09/1909,05:17:20,16.53,-99.72,33,6.6,42,SUR,ACAPULCO,GUERRERO
31/07/1909,12:43:10,16.62,-99.45,33,6.9,20,SUR,SAN GUERRERO,GUERRERO
30/07/1909,04:51:54,16.8,-99.9,33,7.2,8,SUR,ACAPULCO,GUERRERO
12/10/1908,23:06:00,18,-102,33,6.9,23,ESTE,LAS GUACAMAYAS,MICHOACAN
26/03/1908,21:45:30,17,-101,33,7,46,SUR,TECPAN,GUERRERO
26/03/1908,17:03:30,16.7,-99.2,33,7.5,23,SUR,SAN GUERRERO,GUERRERO
16/10/1907,08:57:18,28,-112.5,10,7.1,77,NORTE,SANTA ROSALIA,BAJA CALIFORNIA SUR
15/04/1907,00:08:06,16.7,-99.2,33,7.6,23,SUR,SAN MARCOS,GUERRERO
10/04/1906,15:18:00,20,-110,33,7.1,320,SUR,CABO SAN LUCAS,BAJA CALIFORNIA SUR
16/12/1905,23:27:00,17,-113,33,7.1,727,SUR,CABO SAN LUCAS,BAJA CALIFORNIA SUR
24/10/1905,11:40:00,20,-110,33,6.6,320,SUR,CABO SAN LUCAS,BAJA CALIFORNIA SUR
13/01/1903,19:47:36,15,-93,33,7.6,50,SUR,MAPASTEPEC,CHIAPAS
12/12/1902,17:10:00,29,-114,33,7.1,115,NORTE,GUERRERO NEGRO,BAJA CALIFORNIA SUR
23/09/1902,14:18:00,16.5,-92.5,25,7.7,5,SUR,TEOPISCA,CHIAPAS
18/04/1902,20:23:00,14.9,-91.5,25,7.5,72,ESTE,CACAHOATAN,CHIAPAS
16/01/1902,17:19:00,17.62,-99.72,33,7,21,OESTE,ZUMPANGO DEL RIO,GUERRERO
08/12/1901,20:17:00,26,-110,33,7,83,OESTE,AHOME,SINALOA
05/03/1901,04:45:00,25,-110,33,6.9,100,NORTE,LA PAZ,BAJA CALIFORNIA SUR
16/05/1900,14:12:00,20,-105,33,6.9,71,NORTE,AUTLAN DE NAVARRO,JALISCO
20/01/1900,00:33:30,20,-105,33,7.4,71,NORTE,AUTLAN DE NAVARRO,JALISCO
